date,ticker,price_open,price_close,price_low,price_high
2023-12-01,BTC-USD,37722.36,38706.55,37621.39,38999.00
2023-12-02,BTC-USD,38706.55,39466.41,38662.31,39720.66
2023-12-03,BTC-USD,39478.95,39984.81,39299.00,40200.00
2023-12-04,BTC-USD,39984.81,41985.36,39984.26,42401.51
2023-12-05,BTC-USD,41987.24,44085.41,41396.91,44493.95
2023-12-06,BTC-USD,44084.39,43765.68,43409.34,44290.37
2023-12-07,BTC-USD,43764.05,43291.70,42861.00,44048.91
2023-12-08,BTC-USD,43291.00,44191.79,43092.67,44754.16
2023-12-09,BTC-USD,44192.86,43723.25,43610.92,44369.99
2023-12-10,BTC-USD,43723.25,43793.60,43587.00,44046.11
2023-12-11,BTC-USD,43792.05,41235.61,40181.94,43809.05
2023-12-12,BTC-USD,41235.61,41469.90,40656.57,42081.08
2023-12-13,BTC-USD,41477.39,42885.36,40613.00,43471.80
2023-12-14,BTC-USD,42885.36,43029.47,41500.00,43423.24
2023-12-15,BTC-USD,43027.77,41934.84,41669.00,43084.81
2023-12-16,BTC-USD,41933.89,42237.29,41639.97,42672.07
2023-12-17,BTC-USD,42237.29,41345.41,41238.00,42365.33
2023-12-18,BTC-USD,41345.41,42651.53,40513.00,42732.00
2023-12-19,BTC-USD,42650.01,42263.15,41799.00,43453.62
2023-12-20,BTC-USD,42266.22,43674.77,42201.82,44301.18
2023-12-21,BTC-USD,43674.77,43875.32,43296.75,44250.00
2023-12-22,BTC-USD,43875.32,44002.70,43422.92,44420.00
2023-12-23,BTC-USD,44002.70,43733.00,43335.32,44023.00
2023-12-24,BTC-USD,43733.00,43029.11,42700.00,43981.11
2023-12-25,BTC-USD,43025.03,43589.67,42766.00,43809.61
2023-12-26,BTC-USD,43589.67,42517.06,41654.10,43604.97
2023-12-27,BTC-USD,42515.53,43473.02,42114.01,43709.98
2023-12-28,BTC-USD,43474.40,42581.22,42272.30,43830.34
2023-12-29,BTC-USD,42581.23,42066.38,41317.23,43137.10
2023-12-30,BTC-USD,42063.45,42141.03,41520.10,42592.52
2023-12-31,BTC-USD,42141.03,42288.06,41976.00,42850.00
2024-01-01,BTC-USD,42288.06,44189.64,42184.06,44199.74
2024-01-02,BTC-USD,44189.64,44969.65,44188.40,45914.24
2024-01-03,BTC-USD,44969.67,42860.51,40850.11,45517.26
2024-01-04,BTC-USD,42862.44,44201.31,42651.78,44795.53
2024-01-05,BTC-USD,44193.29,44186.59,42541.50,44400.43
2024-01-06,BTC-USD,44186.59,44001.27,43436.50,44258.80
2024-01-07,BTC-USD,43992.44,43946.62,43636.00,44500.00
2024-01-08,BTC-USD,43949.71,46995.10,43210.86,47330.00
2024-01-09,BTC-USD,46995.10,46123.61,44863.24,47901.00
2024-01-10,BTC-USD,46124.08,46664.62,44334.09,47728.48
2024-01-11,BTC-USD,46670.94,46342.66,45568.08,49099.81
2024-01-12,BTC-USD,46342.66,42771.38,41488.00,46517.19
2024-01-13,BTC-USD,42771.38,42839.33,42430.00,43246.70
2024-01-14,BTC-USD,42839.33,41696.61,41695.81,43060.00
2024-01-15,BTC-USD,41697.33,42493.61,41680.09,43321.65
2024-01-16,BTC-USD,42490.16,43131.63,42066.43,43567.68
2024-01-17,BTC-USD,43130.45,42737.33,42172.00,43184.88
2024-01-18,BTC-USD,42739.49,41287.16,40601.37,42877.22
2024-01-19,BTC-USD,41293.50,41621.24,40258.00,42156.72
2024-01-20,BTC-USD,41621.24,41668.18,41429.00,41835.90
2024-01-21,BTC-USD,41666.67,41554.05,41475.01,41857.67
2024-01-22,BTC-USD,41554.05,39521.56,39411.38,41654.70
2024-01-23,BTC-USD,39521.56,39869.00,38507.44,40133.00
2024-01-24,BTC-USD,39868.00,40074.00,39394.81,40515.00
2024-01-25,BTC-USD,40074.00,39941.75,39507.35,40278.16
2024-01-26,BTC-USD,39937.77,41813.33,39805.95,42238.66
2024-01-27,BTC-USD,41814.80,42126.61,41398.00,42192.22
2024-01-28,BTC-USD,42126.55,42034.19,41629.00,42824.00
2024-01-29,BTC-USD,42034.19,43302.00,41804.00,43311.90
2024-01-30,BTC-USD,43305.00,42946.00,42689.94,43853.00
2024-01-31,BTC-USD,42946.00,42550.75,42269.55,43741.90
2024-02-01,BTC-USD,42550.75,43071.07,41851.02,43263.00
2024-02-02,BTC-USD,43075.20,43181.66,42527.58,43451.00
2024-02-03,BTC-USD,43181.66,42997.46,42875.00,43352.00
2024-02-04,BTC-USD,42997.46,42570.00,42247.35,43097.00
2024-02-05,BTC-USD,42570.00,42657.67,42244.00,43515.37
2024-02-06,BTC-USD,42657.67,43092.00,42518.53,43362.00
2024-02-07,BTC-USD,43092.00,44342.52,42766.00,44385.00
2024-02-08,BTC-USD,44343.61,45300.21,44335.39,45637.38
2024-02-09,BTC-USD,45305.20,47160.41,45258.12,48207.78
2024-02-10,BTC-USD,47160.41,47767.63,46896.35,48174.96
2024-02-11,BTC-USD,47767.63,48316.30,47590.30,48601.00
2024-02-12,BTC-USD,48316.30,49942.41,47723.42,50337.96
2024-02-13,BTC-USD,49941.81,49728.63,48339.46,50390.20
2024-02-14,BTC-USD,49725.36,51843.88,49255.35,52093.00
2024-02-15,BTC-USD,51844.00,51940.67,51354.73,52866.66
2024-02-16,BTC-USD,51940.67,52162.65,51622.90,52598.30
2024-02-17,BTC-USD,52162.64,51666.22,50653.28,52210.30
2024-02-18,BTC-USD,51666.22,52152.95,51196.00,52389.00
2024-02-19,BTC-USD,52153.63,51784.42,51695.27,52496.00
2024-02-20,BTC-USD,51787.05,52277.53,50770.00,52991.72
2024-02-21,BTC-USD,52277.52,51851.67,50640.26,52383.00
2024-02-22,BTC-USD,51851.67,51261.62,50915.33,52059.19
2024-02-23,BTC-USD,51258.70,50744.69,50524.20,51508.45
2024-02-24,BTC-USD,50744.69,51567.97,50586.00,51683.00
2024-02-25,BTC-USD,51570.65,51730.99,51283.15,51958.00
2024-02-26,BTC-USD,51731.00,54530.17,50912.22,54974.80
2024-02-27,BTC-USD,54533.48,57076.59,54500.01,57615.00
2024-02-28,BTC-USD,57076.59,62513.17,56728.68,64012.43
2024-02-29,BTC-USD,62512.00,61179.59,60385.25,63668.00
2024-03-01,BTC-USD,61179.03,62432.69,60791.19,63257.99
2024-03-02,BTC-USD,62436.72,62045.78,61646.00,62499.94
2024-03-03,BTC-USD,62045.78,63154.49,61400.00,63258.64
2024-03-04,BTC-USD,63154.49,68342.00,62400.00,68577.00
2024-03-05,BTC-USD,68359.00,63798.73,59240.03,69210.00
2024-03-06,BTC-USD,63800.78,66122.28,62836.83,67648.00
2024-03-07,BTC-USD,66122.28,66938.21,65613.00,68085.53
2024-03-08,BTC-USD,66938.21,68286.78,66182.02,70188.17
2024-03-09,BTC-USD,68289.16,68480.01,68050.00,68700.41
2024-03-10,BTC-USD,68480.00,69030.33,68238.37,69999.00
2024-03-11,BTC-USD,69032.12,72112.18,67145.56,72936.66
2024-03-12,BTC-USD,72110.98,71479.03,68647.08,73018.16
2024-03-13,BTC-USD,71475.93,73135.04,71337.30,73679.00
2024-03-14,BTC-USD,73135.04,71361.15,68491.47,73797.68
2024-03-15,BTC-USD,71364.58,69496.84,65600.00,72396.82
2024-03-16,BTC-USD,69501.81,65247.68,64801.00,70050.00
2024-03-17,BTC-USD,65254.68,68350.30,64525.95,68864.00
2024-03-18,BTC-USD,68348.88,67611.56,66570.85,68914.53
2024-03-19,BTC-USD,67613.04,61898.85,61517.00,68125.71
2024-03-20,BTC-USD,61906.27,67854.20,60780.30,68147.00
2024-03-21,BTC-USD,67854.93,65485.00,64533.47,68234.15
2024-03-22,BTC-USD,65485.00,63814.56,62310.52,66639.30
2024-03-23,BTC-USD,63814.56,64001.00,63015.63,66014.85
2024-03-24,BTC-USD,64001.00,67193.90,63804.59,67630.02
2024-03-25,BTC-USD,67193.90,69903.29,66394.50,71258.12
2024-03-26,BTC-USD,69890.36,69997.00,69305.07,71570.00
2024-03-27,BTC-USD,69997.00,69436.50,68374.05,71741.33
2024-03-28,BTC-USD,69435.96,70803.00,68863.00,71587.00
2024-03-29,BTC-USD,70803.00,69903.76,69055.18,70937.01
2024-03-30,BTC-USD,69903.75,69621.00,69572.00,70362.76
2024-03-31,BTC-USD,69626.87,71306.32,69587.86,71391.00
2024-04-01,BTC-USD,71293.97,69683.72,68073.00,71306.80
2024-04-02,BTC-USD,69681.82,65457.60,64564.07,69704.00
2024-04-03,BTC-USD,65461.00,65987.92,64537.77,66937.29
2024-04-04,BTC-USD,65987.92,68524.20,65094.00,69343.17
2024-04-05,BTC-USD,68525.23,67858.49,66000.00,68767.00
2024-04-06,BTC-USD,67856.51,68917.00,67480.36,69680.00
2024-04-07,BTC-USD,68917.00,69358.00,68859.77,70300.00
2024-04-08,BTC-USD,69358.00,71616.31,69073.00,72731.96
2024-04-09,BTC-USD,71622.53,69123.27,68209.90,71748.00
2024-04-10,BTC-USD,69123.27,70636.04,67476.10,71152.13
2024-04-11,BTC-USD,70634.04,70020.83,69548.18,71284.92
2024-04-12,BTC-USD,70020.73,67155.36,65230.00,71236.00
2024-04-13,BTC-USD,67150.00,64007.42,60888.00,67952.39
2024-04-14,BTC-USD,64024.77,65777.05,62161.99,65888.54
2024-04-15,BTC-USD,65777.05,63452.12,62315.08,66920.27
2024-04-16,BTC-USD,63452.18,63820.04,61660.00,64400.00
2024-04-17,BTC-USD,63820.04,61277.20,59666.95,64503.00
2024-04-18,BTC-USD,61279.36,63513.36,60824.79,64202.63
2024-04-19,BTC-USD,63513.85,63848.37,59593.08,65498.53
2024-04-20,BTC-USD,63848.37,64989.26,63127.38,65450.00
2024-04-21,BTC-USD,64989.26,64952.92,64268.00,65714.90
2024-04-22,BTC-USD,64952.92,66855.00,64540.18,67255.00
2024-04-23,BTC-USD,66855.00,66418.01,65840.95,67208.92
2024-04-24,BTC-USD,66414.16,64259.00,63547.99,67061.10
2024-04-25,BTC-USD,64259.00,64489.10,62759.09,65287.69
2024-04-26,BTC-USD,64489.10,63740.48,63295.11,64787.63
2024-04-27,BTC-USD,63740.07,63422.00,62413.00,63900.00
2024-04-28,BTC-USD,63422.00,63108.94,62788.20,64310.00
2024-04-29,BTC-USD,63108.94,63838.00,61767.20,64180.08
2024-04-30,BTC-USD,63844.85,60623.15,59062.94,64711.08
2024-05-01,BTC-USD,60622.10,58265.59,56522.31,60785.30
2024-05-02,BTC-USD,58265.59,59069.93,56906.02,59623.00
2024-05-03,BTC-USD,59070.21,62913.02,58829.00,63339.82
2024-05-04,BTC-USD,62913.03,63899.00,62585.00,64522.00
2024-05-05,BTC-USD,63899.00,64023.45,62926.34,64621.77
2024-05-06,BTC-USD,64023.45,63161.70,62709.11,65499.37
2024-05-07,BTC-USD,63163.49,62314.49,62263.95,64389.00
2024-05-08,BTC-USD,62315.76,61172.10,60866.02,63004.60
2024-05-09,BTC-USD,61172.10,63073.51,60631.43,63415.83
2024-05-10,BTC-USD,63073.57,60791.93,60200.38,63455.00
2024-05-11,BTC-USD,60787.47,60814.63,60460.91,61454.00
2024-05-12,BTC-USD,60814.64,61453.02,60600.00,61843.45
2024-05-13,BTC-USD,61453.02,62932.37,60740.55,63444.00
2024-05-14,BTC-USD,62932.37,61542.86,61099.10,63098.95
2024-05-15,BTC-USD,61539.84,66244.69,61299.57,66472.72
2024-05-16,BTC-USD,66244.68,65246.07,64598.32,66750.10
2024-05-17,BTC-USD,65252.18,67048.40,65113.46,67485.99
2024-05-18,BTC-USD,67048.40,66923.87,66627.98,67390.66
2024-05-19,BTC-USD,66923.87,66261.62,65901.00,67697.19
2024-05-20,BTC-USD,66261.62,71413.12,66060.18,71496.00
2024-05-21,BTC-USD,71413.12,70142.84,69146.01,71969.06
2024-05-22,BTC-USD,70142.84,69109.93,68937.81,70644.00
2024-05-23,BTC-USD,69109.92,67940.45,66259.00,70024.00
2024-05-24,BTC-USD,67940.45,68547.80,66588.32,69261.43
2024-05-25,BTC-USD,68547.80,69288.67,68487.44,69588.30
2024-05-26,BTC-USD,69288.67,68476.40,68132.88,69500.00
2024-05-27,BTC-USD,68476.40,69368.72,68225.00,70601.00
2024-05-28,BTC-USD,69368.72,68321.99,67202.05,69513.00
2024-05-29,BTC-USD,68321.98,67569.45,67093.71,68864.11
2024-05-30,BTC-USD,67569.45,68338.58,67094.71,69524.00
2024-05-31,BTC-USD,68338.58,67472.41,66615.75,69010.00
2024-06-01,BTC-USD,67472.41,67719.29,67379.45,67818.01
2024-06-02,BTC-USD,67719.29,67733.81,67281.00,68405.00
2024-06-03,BTC-USD,67735.52,68791.04,67581.24,70268.00
2024-06-04,BTC-USD,68791.00,70557.83,68542.37,71101.55
2024-06-05,BTC-USD,70557.83,71121.30,70382.78,71777.10
2024-06-06,BTC-USD,71120.81,70773.64,70105.98,71647.31
2024-06-07,BTC-USD,70773.64,69324.52,68326.99,71938.00
2024-06-08,BTC-USD,69324.53,69304.05,69134.80,69538.00
2024-06-09,BTC-USD,69304.05,69637.87,69129.82,69848.94
2024-06-10,BTC-USD,69637.87,69502.40,69172.00,70180.43
2024-06-11,BTC-USD,69501.00,67316.53,66056.00,69547.41
2024-06-12,BTC-USD,67316.53,68248.59,66891.33,70026.82
2024-06-13,BTC-USD,68248.59,66738.85,66220.44,68388.00
2024-06-14,BTC-USD,66738.85,66004.39,65011.14,67322.69
2024-06-15,BTC-USD,66004.39,66192.00,65828.00,66415.00
2024-06-16,BTC-USD,66192.00,66628.76,65999.00,66915.94
2024-06-17,BTC-USD,66628.75,66481.81,65057.00,67269.71
2024-06-18,BTC-USD,66481.81,65150.25,64028.30,66574.33
2024-06-19,BTC-USD,,,,
2024-06-20,BTC-USD,64943.79,64841.47,64518.00,66455.49
2024-06-21,BTC-USD,64840.88,64120.29,63352.16,65017.10
2024-06-22,BTC-USD,64120.28,64235.01,63910.01,64493.50
2024-06-23,BTC-USD,64235.01,63167.94,63143.00,64489.40
2024-06-24,BTC-USD,63171.43,60268.00,58453.03,63340.56
2024-06-25,BTC-USD,60263.00,61791.16,60224.09,62390.73
2024-06-26,BTC-USD,61789.71,60816.67,60666.67,62468.55
2024-06-27,BTC-USD,60816.68,61615.39,60556.19,62340.75
2024-06-28,BTC-USD,61615.39,60313.35,59885.94,62165.68
2024-06-29,BTC-USD,60313.35,60885.67,60273.80,61114.00
2024-06-30,BTC-USD,60885.67,62668.27,60611.01,62929.98
2024-07-01,BTC-USD,62668.26,62830.14,62465.00,63801.26
2024-07-02,BTC-USD,62830.13,62033.29,61725.85,63222.99
2024-07-03,BTC-USD,62033.29,60145.00,59332.76,62194.27
2024-07-04,BTC-USD,60145.00,57036.67,56723.87,60429.27
2024-07-05,BTC-USD,57037.54,56637.14,53513.55,57515.60
2024-07-06,BTC-USD,56639.43,58240.75,56028.60,58481.71
2024-07-07,BTC-USD,58244.75,55856.35,55729.00,58445.80
2024-07-08,BTC-USD,55854.08,56699.43,54296.00,58195.65
2024-07-09,BTC-USD,56699.43,58033.00,56276.37,58270.81
2024-07-10,BTC-USD,58033.00,57713.40,57157.33,59462.38
2024-07-11,BTC-USD,57712.59,57336.85,57072.00,59488.44
2024-07-12,BTC-USD,57340.77,57909.03,56551.00,58543.41
2024-07-13,BTC-USD,57909.03,59222.80,57773.13,59853.00
2024-07-14,BTC-USD,59222.80,60808.42,59219.05,61422.89
2024-07-15,BTC-USD,60808.42,64768.59,60673.25,64927.07
2024-07-16,BTC-USD,64764.20,65076.53,62436.72,65403.00
2024-07-17,BTC-USD,65088.70,64091.29,63872.17,66128.26
2024-07-18,BTC-USD,64091.00,63977.63,63227.38,65106.00
2024-07-19,BTC-USD,63982.86,66707.61,63303.00,67466.00
2024-07-20,BTC-USD,66707.61,67158.26,66284.00,67617.00
2024-07-21,BTC-USD,67158.26,68162.70,65835.00,68373.48
2024-07-22,BTC-USD,68162.70,67559.60,66574.06,68488.70
2024-07-23,BTC-USD,67558.22,65938.91,65450.85,67776.00
2024-07-24,BTC-USD,65938.91,65372.27,65113.71,67120.51
2024-07-25,BTC-USD,65367.00,65795.33,63424.00,66135.00
2024-07-26,BTC-USD,65795.42,67924.08,65708.24,68210.00
2024-07-27,BTC-USD,67924.08,67899.40,66665.00,69404.00
2024-07-28,BTC-USD,67899.41,68250.00,67064.00,68296.45
2024-07-29,BTC-USD,68250.00,66771.59,66432.38,70000.00
2024-07-30,BTC-USD,66771.45,66171.00,65302.00,66988.11
2024-07-31,BTC-USD,66171.00,64611.31,64507.00,66814.68
2024-08-01,BTC-USD,64610.88,65295.24,62233.00,65577.85
2024-08-02,BTC-USD,65288.18,61418.06,61164.34,65542.01
2024-08-03,BTC-USD,61418.06,60675.85,59835.35,62151.00
2024-08-04,BTC-USD,60675.85,58135.00,57155.00,61067.90
2024-08-05,BTC-USD,58130.94,54015.38,49111.10,58280.00
2024-08-06,BTC-USD,54026.68,56053.00,53971.67,57065.99
2024-08-07,BTC-USD,56053.00,55139.90,54569.82,57732.41
2024-08-08,BTC-USD,55148.10,61692.50,54748.00,62725.10
2024-08-09,BTC-USD,61704.70,60859.90,59571.00,61750.28
2024-08-10,BTC-USD,60859.90,60935.01,60257.05,61479.19
2024-08-11,BTC-USD,60935.02,58723.00,58323.00,61830.42
2024-08-12,BTC-USD,58722.49,59359.90,57682.00,60700.00
2024-08-13,BTC-USD,59359.90,60603.18,58448.78,61597.00
2024-08-14,BTC-USD,60603.21,58700.10,58458.07,61772.00
2024-08-15,BTC-USD,58697.00,57547.49,56149.72,59867.94
2024-08-16,BTC-USD,57547.19,58887.19,57101.00,59843.94
2024-08-17,BTC-USD,58888.99,59497.48,58812.50,59696.86
2024-08-18,BTC-USD,59497.49,58437.90,58430.00,60271.00
2024-08-19,BTC-USD,58437.90,59478.67,57844.00,59631.00
2024-08-20,BTC-USD,59478.67,59022.31,58591.54,61427.24
2024-08-21,BTC-USD,59017.59,61168.35,58799.55,61838.68
2024-08-22,BTC-USD,61168.35,60383.29,59774.00,61415.10
2024-08-23,BTC-USD,60383.29,64086.17,60343.20,64986.77
2024-08-24,BTC-USD,64086.72,64176.00,63600.00,64502.55
2024-08-25,BTC-USD,64176.00,64262.00,63824.12,65038.52
2024-08-26,BTC-USD,64262.00,62841.66,62822.77,64502.00
2024-08-27,BTC-USD,62840.00,59419.14,58063.00,63216.30
2024-08-28,BTC-USD,59438.01,59025.60,57870.80,60212.72
2024-08-29,BTC-USD,59033.00,59365.00,58739.89,61190.18
2024-08-30,BTC-USD,59365.00,59112.77,57700.00,59905.00
2024-08-31,BTC-USD,59112.77,58968.89,58741.90,59443.00
2024-09-01,BTC-USD,58969.17,57300.00,57207.45,59060.00
2024-09-02,BTC-USD,57299.00,59133.76,57120.82,59415.63
2024-09-03,BTC-USD,59134.29,57493.00,57418.40,59825.70
2024-09-04,BTC-USD,57493.00,57971.00,55631.19,58523.40
2024-09-05,BTC-USD,57971.00,56160.01,55649.00,58326.12
2024-09-06,BTC-USD,56158.00,53950.00,52553.66,56982.16
2024-09-07,BTC-USD,53950.01,54151.72,53739.00,54839.00
2024-09-08,BTC-USD,54151.72,54866.87,53638.01,55314.60
2024-09-09,BTC-USD,54866.87,57059.00,54587.92,58068.12
2024-09-10,BTC-USD,57059.00,57640.12,56406.00,58042.00
2024-09-11,BTC-USD,57645.59,57350.60,55552.69,58000.27
2024-09-12,BTC-USD,57350.60,58138.13,57321.20,58556.24
2024-09-13,BTC-USD,58137.54,60543.35,57644.05,60662.75
2024-09-14,BTC-USD,60543.35,60012.31,59453.08,60655.00
2024-09-15,BTC-USD,60012.35,59125.35,58695.76,60385.00
2024-09-16,BTC-USD,59125.35,58208.75,57488.00,59211.88
2024-09-17,BTC-USD,58208.75,60312.60,57621.93,61335.83
2024-09-18,BTC-USD,60312.60,61763.58,59187.13,61799.99
2024-09-19,BTC-USD,61763.59,62950.00,61588.00,63885.78
2024-09-20,BTC-USD,62950.00,63210.20,62340.06,64121.00
2024-09-21,BTC-USD,63210.20,63363.15,62766.00,63541.90
2024-09-22,BTC-USD,63364.00,63574.14,62390.00,63999.85
2024-09-23,BTC-USD,63577.66,63332.40,62592.85,64727.65
2024-09-24,BTC-USD,63332.40,64270.93,62720.00,64699.33
2024-09-25,BTC-USD,64272.93,63134.88,62937.36,64795.00
2024-09-26,BTC-USD,63134.88,65177.21,62658.41,65865.00
2024-09-27,BTC-USD,65177.21,65787.34,64838.07,66480.16
2024-09-28,BTC-USD,65789.00,65870.06,65442.00,66255.00
2024-09-29,BTC-USD,65870.06,65600.01,65445.43,66059.00
2024-09-30,BTC-USD,65600.01,63307.23,62848.41,65624.88
2024-10-01,BTC-USD,63302.00,60800.98,60175.00,64106.75
2024-10-02,BTC-USD,60794.22,60635.30,59972.00,62357.10
2024-10-03,BTC-USD,60634.00,60745.00,59825.02,61472.54
2024-10-04,BTC-USD,60745.00,62086.83,60454.50,62475.27
2024-10-05,BTC-USD,62086.83,62051.29,61696.21,62369.14
2024-10-06,BTC-USD,62051.29,62814.00,61816.00,62962.00
2024-10-07,BTC-USD,62810.86,62203.87,62130.00,64457.62
2024-10-08,BTC-USD,62203.87,62131.99,61828.74,63179.10
2024-10-09,BTC-USD,62122.02,60578.33,60268.00,62503.00
2024-10-10,BTC-USD,60578.33,60279.53,58876.06,61250.00
2024-10-11,BTC-USD,60279.53,62502.50,60034.99,63411.50
2024-10-12,BTC-USD,62502.50,63187.47,62473.07,63468.75
2024-10-13,BTC-USD,63187.47,62850.00,62033.00,63265.00
2024-10-14,BTC-USD,62847.11,66065.65,62442.24,66479.00
2024-10-15,BTC-USD,66065.65,67060.50,64790.20,67920.00
2024-10-16,BTC-USD,67060.50,67608.44,66743.00,68388.00
2024-10-17,BTC-USD,67608.44,67403.02,66634.71,67926.99
2024-10-18,BTC-USD,67402.33,68423.13,67163.09,69000.00
2024-10-19,BTC-USD,68428.92,68363.68,68008.31,68668.00
2024-10-20,BTC-USD,68363.73,69000.00,68095.93,69363.00
2024-10-21,BTC-USD,69011.00,67345.77,66802.02,69480.00
2024-10-22,BTC-USD,67346.15,67380.08,66560.00,67797.31
2024-10-23,BTC-USD,67380.08,66601.11,65154.18,67413.57
2024-10-24,BTC-USD,66601.11,68156.84,66450.05,68795.39
2024-10-25,BTC-USD,68156.84,66578.00,65521.00,68742.38
2024-10-26,BTC-USD,66578.00,67010.60,66336.64,67352.00
2024-10-27,BTC-USD,67012.56,67943.68,66839.84,68240.47
2024-10-28,BTC-USD,67943.68,69924.01,67537.86,70218.00
2024-10-29,BTC-USD,69924.01,72724.35,69716.05,73608.60
2024-10-30,BTC-USD,72724.35,72324.52,71402.73,72928.15
2024-10-31,BTC-USD,72324.52,70201.15,69579.13,72677.34
2024-11-01,BTC-USD,70197.82,69490.00,68756.36,71605.46
2024-11-02,BTC-USD,69490.00,69330.00,69015.00,69891.92
2024-11-03,BTC-USD,69330.00,68738.21,67461.00,69359.80
2024-11-04,BTC-USD,68738.18,67810.85,66798.00,69447.77
2024-11-05,BTC-USD,67807.48,69380.48,67443.00,70532.01
2024-11-06,BTC-USD,69380.73,75642.40,69286.99,76497.53
2024-11-07,BTC-USD,75642.00,75920.00,74470.00,76978.74
2024-11-08,BTC-USD,75920.00,76566.73,75665.00,77301.22
2024-11-09,BTC-USD,76566.73,76719.81,75770.00,76944.00
2024-11-10,BTC-USD,76719.63,80427.70,76554.00,81478.53
2024-11-11,BTC-USD,80428.92,88770.00,80277.34,89626.49
2024-11-12,BTC-USD,88770.00,88035.42,85126.97,90036.17
2024-11-13,BTC-USD,88035.43,90491.77,86248.84,93481.47
2024-11-14,BTC-USD,90493.82,87312.48,86678.90,91825.49
2024-11-15,BTC-USD,87332.34,91062.00,87108.68,91897.63
2024-11-16,BTC-USD,91062.00,90608.00,90100.00,91808.46
2024-11-17,BTC-USD,90608.00,89877.06,88723.71,91429.00
2024-11-18,BTC-USD,89886.69,90520.03,89385.14,92630.49
2024-11-19,BTC-USD,90520.03,92424.00,90412.19,94068.75
2024-11-20,BTC-USD,92424.00,94376.05,91622.00,94989.99
2024-11-21,BTC-USD,94376.05,98447.96,94127.21,99060.51
2024-11-22,BTC-USD,98447.95,99022.14,97214.86,99849.99
2024-11-23,BTC-USD,99024.03,97778.78,97236.79,99044.11
2024-11-24,BTC-USD,97778.78,98013.77,95783.22,98660.00
2024-11-25,BTC-USD,98013.77,93000.10,92584.00,98966.00
2024-11-26,BTC-USD,93000.10,91923.36,90693.83,95002.72
2024-11-27,BTC-USD,91923.36,95955.83,91760.00,97380.24
2024-11-28,BTC-USD,95953.30,95665.53,94671.59,96664.21
2024-11-29,BTC-USD,95665.53,97490.57,95407.46,98730.11
2024-11-30,BTC-USD,97490.57,96465.42,96132.00,97509.60
2024-12-01,BTC-USD,96465.41,97262.23,95754.50,97881.88
2024-12-02,BTC-USD,97260.22,95859.00,94419.12,98192.57
2024-12-03,BTC-USD,95859.00,95924.86,93584.81,96305.48
2024-12-04,BTC-USD,95924.52,98773.34,94648.39,99259.29
2024-12-05,BTC-USD,98756.98,97059.60,92111.00,103932.37
2024-12-06,BTC-USD,97059.59,99887.40,96470.84,102096.98
2024-12-07,BTC-USD,99891.35,99929.00,99040.60,100571.00
2024-12-08,BTC-USD,99929.00,101175.00,98733.00,101422.82
2024-12-09,BTC-USD,101175.00,97372.79,94288.86,101290.73
2024-12-10,BTC-USD,97372.79,96659.98,94300.00,98311.46
2024-12-11,BTC-USD,96660.76,101193.20,95722.79,101984.98
2024-12-12,BTC-USD,101200.59,100031.18,99309.00,102589.36
2024-12-13,BTC-USD,100030.47,101423.26,99222.38,101959.13
2024-12-14,BTC-USD,101428.74,101400.00,100607.83,102646.58
2024-12-15,BTC-USD,101399.99,104430.04,101221.34,105100.00
2024-12-16,BTC-USD,104430.04,106100.00,103316.96,107837.83
2024-12-17,BTC-USD,106100.00,106151.90,105337.98,108371.78
2024-12-18,BTC-USD,106151.90,100154.14,99980.56,106520.39
2024-12-19,BTC-USD,100153.78,97375.26,95539.67,102778.83
2024-12-20,BTC-USD,97376.81,97763.48,92140.00,98123.00
2024-12-21,BTC-USD,97765.00,97230.08,96399.00,99538.11
2024-12-22,BTC-USD,97230.08,95091.14,94192.16,97376.00
2024-12-23,BTC-USD,95089.60,94764.91,92360.91,96420.84
2024-12-24,BTC-USD,94764.56,98594.48,93426.25,99444.00
2024-12-25,BTC-USD,98594.47,99363.84,97586.60,99484.92
2024-12-26,BTC-USD,99346.28,95669.40,95098.74,99887.00
2024-12-27,BTC-USD,95669.49,94168.00,93259.50,97324.26
2024-12-28,BTC-USD,94168.00,95131.08,94008.00,95530.05
2024-12-29,BTC-USD,95130.82,93557.00,92849.74,95170.06
2024-12-30,BTC-USD,93557.00,92622.50,91289.56,94905.37
2024-12-31,BTC-USD,92620.71,93351.31,91887.14,96125.14
2025-01-01,BTC-USD,93328.51,94386.31,92750.12,94960.91
2025-01-02,BTC-USD,94386.31,96903.19,94177.00,97776.99
2025-01-03,BTC-USD,96903.19,98139.89,96018.94,98961.91
2025-01-04,BTC-USD,98136.51,98209.85,97525.00,98759.71
2025-01-05,BTC-USD,98209.85,98333.94,97250.10,98810.50
2025-01-06,BTC-USD,98333.94,102278.19,97913.25,102500.00
2025-01-07,BTC-USD,102279.41,96935.92,96105.12,102730.86
2025-01-08,BTC-USD,96941.98,95058.99,92502.00,97254.35
2025-01-09,BTC-USD,95036.63,92549.51,91208.20,95353.40
2025-01-10,BTC-USD,92547.43,94700.00,92215.66,95843.24
2025-01-11,BTC-USD,94701.18,94565.31,93821.77,94977.84
2025-01-12,BTC-USD,94565.02,94497.00,93670.31,95383.84
2025-01-13,BTC-USD,94497.00,94506.45,89218.03,95869.79
2025-01-14,BTC-USD,94506.44,96534.96,94315.61,97349.98
2025-01-15,BTC-USD,96534.96,100517.36,96464.37,100715.16
2025-01-16,BTC-USD,100514.78,99976.94,97330.97,100863.26
2025-01-17,BTC-USD,99981.85,104106.81,99937.81,105945.21
2025-01-18,BTC-USD,104107.00,104435.07,102234.25,104933.15
2025-01-19,BTC-USD,104435.00,101203.51,99526.30,106294.00
2025-01-20,BTC-USD,101211.13,102150.82,99467.56,109350.72
2025-01-21,BTC-USD,102145.43,106159.27,100081.25,107290.88
2025-01-22,BTC-USD,106159.26,103667.11,103323.24,106370.21
2025-01-23,BTC-USD,103667.11,103926.36,101239.30,106870.87
2025-01-24,BTC-USD,103926.36,104852.50,102751.92,107200.00
2025-01-25,BTC-USD,104850.27,104733.58,104124.00,105293.99
2025-01-26,BTC-USD,104733.56,102586.32,102467.25,105448.87
2025-01-27,BTC-USD,102563.00,102090.00,97742.07,103224.63
2025-01-28,BTC-USD,102090.00,101292.00,100225.00,103756.65
2025-01-29,BTC-USD,101292.00,103743.05,101285.46,104815.71
2025-01-30,BTC-USD,103747.25,104742.64,103300.06,106465.21
2025-01-31,BTC-USD,104742.63,102411.26,101510.88,106083.88
